<?xml version="1.0" encoding="utf-8" ?>
<Defs>
<!--
  <ThingDef ParentName="PlantBase" Name="GMOPlantBase" Abstract="True">
    <category>Plant</category>
    <thingClass>Plant</thingClass>
    <altitudeLayer>LowPlant</altitudeLayer>
    <useHitPoints>True</useHitPoints>
    <statBases>
      <Flammability>0.8</Flammability>
    </statBases>
    <tickerType>Long</tickerType>
    <selectable>False</selectable>
    <neverMultiSelect>True</neverMultiSelect>
    <drawerType>MapMeshOnly</drawerType>
    <pathCostIgnoreRepeat>false</pathCostIgnoreRepeat>
    <graphicData>
      <shaderType>CutoutPlant</shaderType>
    </graphicData>
    <ingestible>
      <foodType>Plant</foodType>
      <preferability>RawBad</preferability>
    </ingestible>
    <plant>
      <soundHarvesting>Harvest_Standard</soundHarvesting>
      <soundHarvestFinish>Harvest_Standard_Finish</soundHarvestFinish>
      <harvestWork>190</harvestWork>
      <sowWork>260</sowWork>
      <fertilityMin>0.5</fertilityMin>
      <fertilitySensitivity>1.0</fertilitySensitivity>
      <topWindExposure>0.1</topWindExposure>
      <visualSizeRange>
        <min>0.3</min>
        <max>1.00</max>
      </visualSizeRange>
    </plant>
  </ThingDef>

  <ThingDef ParentName="GMOPlantBase" Name="GMOTreeBase" Abstract="True">
    <statBases>
      <MaxHitPoints>300</MaxHitPoints>
    </statBases>
    <description>A tree.</description>
    <altitudeLayer>Building</altitudeLayer>
    <selectable>true</selectable>
    <fillPercent>0.43</fillPercent>
    <graphicData>
      <shadowData>
        <volume>(0.3, 0.3, 0.3)</volume>
      </shadowData>
    </graphicData>
    <passability>PassThroughOnly</passability>
    <pathCost>130</pathCost>
    <blockWind>true</blockWind>
    <ingestible>
      <foodType>Tree</foodType>
      <preferability>RawBad</preferability>
    </ingestible>
	<statBases>
		<nutrition>1.50</nutrition>
	</statBases>
	
    <plant>
      <soundHarvesting>Harvest_Tree</soundHarvesting>
      <soundHarvestFinish>Harvest_Tree_Finish</soundHarvestFinish>
      <sowWork>1500</sowWork>
      <harvestWork>800</harvestWork>
      <harvestedThingDef>WoodLog</harvestedThingDef>
      <harvestYield>50</harvestYield>
      <harvestTag>Wood</harvestTag>
      <harvestMinGrowth>0.40</harvestMinGrowth>
      <harvestFailable>false</harvestFailable>
      <blockAdjacentSow>true</blockAdjacentSow>
      <sowTags>
        <li>Ground</li>
      </sowTags>
      <visualSizeRange>
        <min>1.3</min>
        <max>2.0</max>
      </visualSizeRange>
      <fertilityMin>0.3</fertilityMin>
      <topWindExposure>0.25</topWindExposure>
      <fertilitySensitivity>0.5</fertilitySensitivity>
      <wildClusterSizeRange>
        <min>8</min>
        <max>30</max>
      </wildClusterSizeRange>
      <wildClusterRadius>8</wildClusterRadius>
    </plant>
  </ThingDef>
-->
</Defs>