<?xml version="1.0" encoding="utf-8" ?>
<Defs>
<!--
  <ThingDef Abstract="True" Name="GMOProductBase" ParentName="ResourceBase">
    <graphicData>
      <graphicClass>Graphic_Single</graphicClass>
    </graphicData>
    <socialPropernessMatters>true</socialPropernessMatters>
    <statBases>
      <MaxHitPoints>100</MaxHitPoints>
      <Flammability>1.0</Flammability>
      <DeteriorationRate>6</DeteriorationRate>
		<Mass>0.03</Mass>
    </statBases>
    <tickerType>Rare</tickerType>
  </ThingDef>

  <ThingDef Abstract="True" Name="GMOPlantFoodRawBase" ParentName="GMOProductBase">
    <ingestible>
      <preferability>RawBad</preferability>
			<tasteThought>AteRawFood</tasteThought>
      <ingestEffect>EatVegetarian</ingestEffect>
      <ingestSound>RawVegetable_Eat</ingestSound>
    </ingestible>
    <statBases>
      <Nutrition>0.05</Nutrition>
      <FoodPoisonChanceFixedHuman>0.02</FoodPoisonChanceFixedHuman>
    </statBases>
    <socialPropernessMatters>true</socialPropernessMatters>
  </ThingDef>

  <ThingDef ParentName="GMOPlantFoodRawBase">
    <defName>RawGMOPotatoes</defName>
    <label>gmo potatoes</label>
    <description>Raw gmo potatoes.</description>
    <graphicData>
      <texPath>Things/Item/Resource/PlantFoodRaw/Potatoes</texPath>
    </graphicData>
    <statBases>
      <MarketValue>0.9</MarketValue>
    </statBases>
    <ingestible>
      <foodType>VegetableOrFruit</foodType>
    </ingestible>
    <comps>
      <li Class="CompProperties_Rottable">
        <daysToRotStart>60</daysToRotStart>
      </li>
    </comps>
  </ThingDef>
-->
  <!--<ThingDef ParentName="GMOPlantFoodRawBase">
    <defName>RawRice</defName>
    <label>rice</label>
    <description>Raw rice.</description>
    <soundInteract>Grain_Drop</soundInteract>
    <soundDrop>Grain_Drop</soundDrop>
    <graphicData>
      <texPath>Things/Item/Resource/PlantFoodRaw/Rice</texPath>
    </graphicData>
    <statBases>
      <MarketValue>1.9</MarketValue>
    </statBases>
    <ingestible>
      <foodType>Seeds</foodType>
    </ingestible>
    <comps>
      <li Class="CompProperties_Rottable">
        <daysToRotStart>40</daysToRotStart>
      </li>
    </comps>
  </ThingDef>

  <ThingDef ParentName="GMOPlantFoodRawBase">
    <defName>RawAgave</defName>
    <label>agave fruit</label>
    <description>Raw agave fruit.</description>
    <graphicData>
      <texPath>Things/Item/Resource/PlantFoodRaw/AgaveFruit</texPath>
    </graphicData>
    <statBases>
      <MarketValue>2.1</MarketValue>
    </statBases>
    <ingestible>
      <foodType>VegetableOrFruit</foodType>
    </ingestible>
    <comps>
      <li Class="CompProperties_Rottable">
        <daysToRotStart>25</daysToRotStart>
      </li>
    </comps>
  </ThingDef>

  <ThingDef ParentName="GMOPlantFoodRawBase">
    <defName>RawCorn</defName>
    <label>corn</label>
    <description>Raw corn.</description>
    <soundInteract>Grain_Drop</soundInteract>
    <soundDrop>Grain_Drop</soundDrop>
    <graphicData>
      <texPath>Things/Item/Resource/PlantFoodRaw/Corn</texPath>
    </graphicData>
    <statBases>
      <MarketValue>2.1</MarketValue>
    </statBases>
    <ingestible>
      <foodType>VegetableOrFruit</foodType>
    </ingestible>
    <comps>
      <li Class="CompProperties_Rottable">
        <daysToRotStart>60</daysToRotStart>
      </li>
    </comps>
  </ThingDef>
  
  <ThingDef ParentName="GMOPlantFoodRawBase">
    <defName>RawBerries</defName>
    <label>berries</label>
    <description>Assorted berries. Nice to eat, even when raw.</description>
    <graphicData>
      <texPath>Things/Item/Resource/PlantFoodRaw/Berries</texPath>
    </graphicData>
    <statBases>
      <MarketValue>2.1</MarketValue>
    </statBases>
    <comps>
      <li Class="CompProperties_Rottable">
        <daysToRotStart>14</daysToRotStart>
      </li>
    </comps>
    <ingestible>
      <preferability>RawTasty</preferability>
      <tasteThought>false</tasteThought>
      <foodType>VegetableOrFruit</foodType>
    </ingestible>
  </ThingDef>-->

  <!-- Plant matter (inedible by people) -->

  <!--<ThingDef ParentName="GMOOrganicProductBase" Name="GMORoughPlantBase" Abstract="True">
    <ingestible>
      <foodType>Plant</foodType>
      <preferability>DesperateOnly</preferability>
      <nutrition>0.05</nutrition>
    </ingestible>
  </ThingDef>

  <ThingDef ParentName="GMORoughPlantBase">
    <defName>Hay</defName>
    <label>hay</label>
    <description>Nutrient-rich grasses and shoots, harvested and compacted for storage. Hay is good animal feed, but inedible for humans.</description>
    <stackLimit>200</stackLimit>
    <graphicData>
      <texPath>Things/Item/Resource/PlantFoodRaw/Hay</texPath>
      <graphicClass>Graphic_StackCount</graphicClass>
    </graphicData>
    <statBases>
      <MarketValue>0.6</MarketValue>
    </statBases>
    <comps>
      <li Class="CompProperties_Rottable">
        <daysToRotStart>60</daysToRotStart>
      </li>
    </comps>
    <thingCategories>
      <li>Foods</li>
    </thingCategories>
  </ThingDef>

  <ThingDef ParentName="GMORoughPlantBase">
    <defName>RawHops</defName>
    <label>hops</label>
    <description>Raw hops. A flavoring and preserving agent that is necessary for making beer.</description>
    <graphicData>
      <texPath>Things/Item/Resource/PlantFoodRaw/Hops</texPath>
    </graphicData>
    <statBases>
      <MarketValue>2.0</MarketValue>
    </statBases>
    <comps>
      <li Class="CompProperties_Rottable">
        <daysToRotStart>30</daysToRotStart>
        <rotDestroys>true</rotDestroys>
      </li>
    </comps>
    <thingCategories>
      <li>PlantMatter</li>
    </thingCategories>
  </ThingDef>

  <ThingDef ParentName="GMORoughPlantBase">
    <defName>PsychoidLeaves</defName>
    <label>psychoid leaves</label>
    <description>Raw cut leaves of a psychoid plant.</description>
    <graphicData>
      <texPath>Things/Item/Resource/PlantFoodRaw/PsychoidLeaves</texPath>
    </graphicData>
    <statBases>
      <MarketValue>1.0</MarketValue>
    </statBases>
    <comps>
      <li Class="CompProperties_Rottable">
        <daysToRotStart>30</daysToRotStart>
        <rotDestroys>true</rotDestroys>
      </li>
    </comps>
    <thingCategories>
      <li>PlantMatter</li>
    </thingCategories>
  </ThingDef>

  <ThingDef ParentName="GMORoughPlantBase">
    <defName>SmokeleafLeaves</defName>
    <label>smokeleaf leaves</label>
    <description>Raw cut leaves of a smokeleaf plant. Can be rolled into smokeable joint at a crafting spot.</description>
    <graphicData>
      <texPath>Things/Item/Resource/PlantFoodRaw/SmokeleafLeaves</texPath>
    </graphicData>
    <statBases>
      <MarketValue>1.0</MarketValue>
    </statBases>
    <comps>
      <li Class="CompProperties_Rottable">
        <daysToRotStart>30</daysToRotStart>
        <rotDestroys>true</rotDestroys>
      </li>
    </comps>
    <thingCategories>
      <li>PlantMatter</li>
    </thingCategories>
  </ThingDef>-->
  
</Defs>